{
  "best_hyperparameters": {
    "n_estimators": 100,
    "max_depth": 4,
    "learning_rate": 0.3,
    "subsample": 0.6831197968842886,
    "colsample_bytree": 1.0,
    "min_child_weight": 9,
    "gamma": 5.0,
    "reg_alpha": 0.7156870215492216,
    "reg_lambda": 0.5,
    "scale_pos_weight": 1.4531581605349593
  },
  "pso_best_cv_f1": 0.7740748298944778,
  "test_metrics": {
    "f1_weighted": 0.772913541969361,
    "f1_violent": 0.598853546139148,
    "precision": 0.7707418762653709,
    "recall": 0.7767142142142142
  },
  "pso_history": [
    [
      1,
      0.7697143388543018
    ],
    [
      2,
      0.7709275138972181
    ],
    [
      3,
      0.7740258804323245
    ],
    [
      4,
      0.7740258804323245
    ],
    [
      5,
      0.7740258804323245
    ],
    [
      6,
      0.7740748298944778
    ],
    [
      7,
      0.7740748298944778
    ],
    [
      8,
      0.7740748298944778
    ],
    [
      9,
      0.7740748298944778
    ],
    [
      10,
      0.7740748298944778
    ]
  ],
  "elapsed_seconds": 355.428970938
}